Codon	Muts	Sum of mut	Count of mut	Hit or miss	='-lg(p-value)'	 	num_muts_in_codon	num_codons_with_mut	num_codons_less_mut	sum_codons_less_mut	  	P-value for exact match	P-value for that many or more	shift_2	shift_3	shift_4	shift_5	shift_6
1	3	8	5		0.5334069350941409		2.0	51.0	318.0	204.0		0.3378793492435491	0.47237559748667457	0.8839147037398195	0.96062350288735	0.9866831453508897	0.99550981960922	0.9887657972029658
2	0	7	5		0.3478337849356653		3.0	20.0	338.0	264.0		0.13916787584526205	0.1832425479374239	0.6332470035736052	0.8327312436702305	0.9288541522337588	0.9710688100028966	0.9568361637687076
3	1	9	5		0.7612451339715179		4.0	14.0	352.0	320.0		0.05001093435486994	0.06363158936268282	0.3632971726253744	0.6255669229548962	0.8036112500132321	0.904719254838916	0.8873005176229898
4	0	9	5		0.7612451339715179		5.0	10.0	362.0	370.0		0.01612412890926196	0.020022422780606952	0.16998145119541366	0.4024229852146875	0.6232430188227127	0.7849469738180646	0.7740153607772577
5	4	9	5		0.7612451339715179		6.0	4.0	366.0	394.0		0.0040110048415573675	0.0048453572367507	0.0664194575722203	0.22261691968022113	0.42892365372795427	0.6232046275641445	0.626744656877806
6	2	7	5		0.3478337849356653		7.0	7.0	373.0	443.0		0.0011529732613114229	0.0013783719965638909	0.0221495504080201	0.10700607754318432	0.2618734150056088	0.44891716858138847	0.46761047960867513
7	2	6	5		0.20536933049898512		8.0	6.0	379.0	491.0		0.00032031184018058894	0.00037976259978859446	0.006419949694000196	0.04521956686939605	0.14250786689461484	0.2928148276642389	0.3206008110838602
8	1	5	5		0.10515968052358998		9.0	7.0	386.0	554.0		0.00010174403207868755	0.0001203362901430302	0.0016418056780459578	0.016988894341938905	0.0695884239286242	0.17328256423935243	0.20207426583572768
9	0	7	5		0.3478337849356653		10.0	3.0	389.0	584.0		2.2547484346423106e-05	2.63929106767373e-05	0.00037507244304709955	0.005731622032436386	0.030711483341783995	0.09340123861261106	0.11734973534354394
10	2	8	5		0.5334069350941409		11.0	4.0	393.0	628.0		5.687986533998979e-06	6.622923447271235e-06	7.733599892343555e-05	0.0017517782866526483	0.012335028920748416	0.04607235223788727	0.06298482827772595
11	1	6	4		0.36762000318906984		12.0	1.0	394.0	640.0		9.510483176632917e-07	1.0952122657850844e-06	1.4516881042398695e-05	0.0004887534946022818	0.004537726713369759	0.020900202143851236	0.03135433689397728
12	1	9	4		1.1574629994994199		13.0	0.0	394.0	640.0		1.2664511100350903e-07	1.44163948121962e-07	2.4990378114111356e-06	0.0001253136032759901	0.0015378605702999141	0.008761026261182144	0.014528672727344273
13	3	10	4		1.5126992069501595		14.0	4.0	398.0	696.0		3.6214028319110655e-08	4.122632033002752e-08	3.9701578108271445e-07	2.9697874290698385e-05	0.0004826590356289363	0.003408804207650748	0.0062884115585572975
14	1	7	4		0.5819085882582254		15.0	1.0	399.0	711.0		5.611144821200922e-09	6.344805952977123e-09	5.852449048460542e-08	6.538565490065076e-06	0.0001409405615875908	0.0012362103418980662	0.0025508645284289203
15	11	7	4		0.5819085882582254		16.0	1.0	400.0	727.0		8.521013575267308e-10	9.58016364143618e-10	8.043057820836827e-09	1.34344309086753e-06	3.8451990051907104e-05	0.0004194457307128539	0.000972789115708057
16	4	8	5		0.5334069350941409		17.0	0.0	400.0	727.0		9.490038615311715e-11	1.0591500661713081e-10	1.0348296231927317e-09	2.5862138877614336e-07	9.838237851520917e-06	0.00013361582522882848	0.0003497780933942959
17	2	6	5		0.20536933049898512		18.0	0.0	400.0	727.0		9.933550666182134e-12	1.1014620464042382e-11	1.2510769369086117e-10	4.681219280995223e-08	2.3686257439615505e-06	4.008768787342605e-05	0.00011889753806625451
18	0	5	5		0.10515968052358998		19.0	0.0	400.0	727.0		9.806303846175373e-13	1.081069797863452e-12	1.4259223289371624e-11	7.992520044150295e-09	5.382430565713014e-07	1.1360208825856543e-05	3.830312199341059e-05
19	1	6	5		0.20536933049898512		20.0	1.0	401.0	747.0		1.4075748029126479e-13	1.5475318375434758e-13	1.536688224976048e-12	1.2908685473911514e-09	1.1576061921173404e-07	3.0487806003362423e-06	1.1721104060612768e-05
20	1	5	4		0.20534257749126258		21.0	0.0	401.0	747.0		1.2791336021468596e-14	1.3995703463125758e-14	1.5700324835708952e-13	1.9773270081234025e-10	2.362283845579467e-08	7.767397893068682e-07	3.4142234566134533e-06
21	2	6	4		0.36762000318906984		22.0	1.0	402.0	769.0		1.852063868466587e-15	2.022631727736345e-15	1.5244407352834343e-14	2.879352452288842e-11	4.584424089650356e-09	1.882749255083992e-07	9.485303249501667e-07
22	1	5	4		0.20534257749126258		23.0	0.0	402.0	769.0		1.568229097420705e-16	1.705678592691402e-16	1.4097533249465287e-15	3.994503367451438e-12	8.478660477814721e-10	4.3506824864137544e-08	2.5178522032107046e-07
23	1	4	3		0.20372622279657981		24.0	0.0	402.0	769.0		1.2684581011339425e-17	1.3744949527013296e-17	1.244158378400564e-16	5.289752420484807e-13	1.4972461554880723e-10	9.602434635186829e-09	6.39669747254011e-08
24	11	5	3		0.3953172216230597		25.0	0.0	402.0	769.0		9.819215350631698e-19	1.060368515669072e-18	1.0497966909215966e-17	6.698784193188108e-14	2.5290086911612597e-11	2.027745501776788e-09	1.557769061707249e-08
25	2	5	4		0.20534257749126258		26.0	0.0	402.0	769.0		7.287278025805457e-20	7.844698060550953e-20	8.483304063745362e-19	8.125810925289138e-15	4.092676416326344e-12	4.103430436963792e-10	3.641667203684698e-09
26	1	3	4		0.03205247314594661		27.0	0.0	402.0	769.0		5.193216548219265e-21	5.574200347424259e-21	6.57554899902604e-20	9.456160686173415e-16	6.35507588586831e-13	7.969400932980368e-11	8.18338588594909e-10
27	14	2	3		0.017446791994976618		28.0	0.0	402.0	769.0		3.5590345236710852e-22	3.8098379920266666e-22	4.895902241017641e-21	1.0572042104733116e-16	9.481990112055421e-14	1.4874680197638396e-11	1.769898661547575e-10
28	2	4	4		0.09495399205262268		29.0	0.0	402.0	769.0		2.3488106359461288e-23	2.508034683539514e-23	3.506298144869284e-22	1.1370343710877778e-17	1.3611641943095587e-14	2.671595252781133e-12	3.688571071693822e-11
29	0	2	3		0.017446791994976618		30.0	0.0	402.0	769.0		1.4946425923124234e-24	1.5922404759227988e-24	2.4183639426046277e-23	1.1778619206941081e-18	1.8822722276456645e-15	4.622911917315897e-13	7.41552629725895e-12
30	0	6	3		0.6524418308166442		31.0	0.0	402.0	769.0		9.181553414122116e-26	9.75978836096473e-26	1.6082597562432659e-24	1.176579157305995e-19	2.5102058118377195e-16	7.715603924181968e-14	1.4396277899350916e-12
31	9	6	2		1.177704675475867		32.0	0.0	402.0	769.0		5.450877982159163e-27	5.782349468380393e-27	1.0323444492305918e-25	1.1345448015248321e-20	3.23187029840938e-17	1.2433418971147106e-14	2.7015087774911716e-13
32	2	6	2		1.177704675475867		33.0	0.0	402.0	769.0		3.1306866216111127e-28	3.314714862183979e-28	6.4027916069942725e-27	1.0571446879563798e-21	4.021151108676366e-18	1.9364521414383243e-15	4.904664903895964e-14
33	22	4	2		0.43973798203812836		34.0	0.0	402.0	769.0		1.7412418601267755e-29	1.8402824057120684e-29	3.840659029394277e-28	9.527335415480314e-23	4.839571242491602e-19	2.91757719539711e-16	8.622542577809154e-15
34	4	4	2		0.43973798203812836		35.0	0.0	402.0	769.0		9.386920692336489e-31	9.90405455843423e-31	2.2301004643748845e-29	8.31228440715181e-24	5.639073269442415e-20	4.256159500961804e-17	1.469060993262386e-15
35	9	5	2		0.7695984673451838		36.0	0.0	402.0	769.0		4.90915553129674e-32	5.171338660923321e-32	1.2545658288744907e-30	7.026623582568238e-25	6.3667154829501984e-21	6.016619927804952e-18	2.427498644829461e-16
36	14	5	3		0.3953172216230597		37.0	0.0	402.0	769.0		2.4926648686897372e-33	2.6218312962363277e-33	6.843214998282302e-32	5.759640417103249e-26	6.970636506158406e-22	8.248328069617529e-19	3.8932412986732185e-17
37	0	9	4		1.1574629994994199		38.0	0.0	402.0	769.0		1.2297841099149988e-34	1.2916642754504601e-34	3.622037491490659e-33	4.581341828811514e-27	7.40632344170391e-23	1.0974362980652592e-19	6.064553691396679e-18
38	8	11	4		1.9088598279248143		39.0	0.0	402.0	769.0		5.8995418319193865e-36	6.18801655346394e-36	1.8615834693968404e-34	3.5387315421399385e-28	7.64210597655026e-24	1.4180690432257728e-20	9.181388806797826e-19
39	5	14	5	Hit	2.4673979427367354								6	9	11	12	14	15
40	0	12	5		1.6798495134327451													
41	4	12	4	Hit	2.3431616632438117													
42	2	9	4		1.1574629994994199													
43	3	7	3		0.9705915553193526													
44	3	7	3		0.9705915553193526													
45	6	7	3		0.9705915553193526													
46	1	7	4		0.5819085882582254													
47	8	6	4		0.36762000318906984													
48	3	10	5		1.0296473644652444													
49	3	11	5		1.336559614145063													
50	0	10	5		1.0296473644652444													
51	0	14	5	Hit	2.4673979427367354													
52	4	17	5	Hit	3.874142101721722													
53	4	13	5		2.057445017865836													
54	2	9	5		0.7612451339715179													
55	4	7	5		0.3478337849356653													
56	3	5	5		0.10515968052358998													
57	0	4	5		0.04348616663996785													
58	0	6	5		0.20536933049898512													
59	0	8	5		0.5334069350941409													
60	2	8	5		0.5334069350941409													
61	2	8	5		0.5334069350941409													
62	2	6	4		0.36762000318906984													
63	2	6	4		0.36762000318906984													
64	0	4	3		0.20372622279657981													
65	2	7	3		0.9705915553193526													
66	9	7	3		0.9705915553193526													
67	2	9	4		1.1574629994994199													
68	16	8	4		0.8461611605353521													
69	3	8	5		0.5334069350941409													
70	2	6	5		0.20536933049898512													
71	2	4	5		0.04348616663996785													
72	1	2	4		0.005822290408833396													
73	0	1	4		None													
74	1	1	4		None													
75	0	0	3		None													
76	7	2	3		0.017446791994976618													
77	0	4	4		0.09495399205262268													
78	0	5	4		0.20534257749126258													
79	7	5	4		0.20534257749126258													
80	2	5	5		0.10515968052358998													
81	2	4	5		0.04348616663996785													
82	1	3	5		0.012749994864653742													
83	0	2	5		0.001954451778142884													
84	0	2	5		0.001954451778142884													
85	1	3	5		0.012749994864653742													
86	1	3	5		0.012749994864653742													
87	0	2	5		0.001954451778142884													
88	0	2	4		0.005822290408833396													
89	1	2	3		0.017446791994976618													
90	1	2	3		0.017446791994976618													
91	0	1	2		None													
92	9	1	1		None													
93	14	1	2		None													
94	1	2	3		0.017446791994976618													
95	7	1	3		None													
96	9	2	4		0.005822290408833396													
97	0	2	4		0.005822290408833396													
98	1	2	4		0.005822290408833396													
99	0	1	4		None													
100	1	3	4		0.03205247314594661													
101	8	2	3		0.017446791994976618													
102	0	2	4		0.005822290408833396													
103	0	7	4		0.5819085882582254													
104	2	12	4	Hit	2.3431616632438117													
105	6	10	4		1.5126992069501595													
106	0	10	5		1.0296473644652444													
107	5	13	5		2.057445017865836													
108	5	9	5		0.7612451339715179													
109	0	5	5		0.10515968052358998													
110	0	5	5		0.10515968052358998													
111	3	6	5		0.20536933049898512													
112	1	4	5		0.04348616663996785													
113	1	5	5		0.10515968052358998													
114	0	4	5		0.04348616663996785													
115	1	6	5		0.20536933049898512													
116	1	7	5		0.3478337849356653													
117	2	7	5		0.3478337849356653													
118	0	10	5		1.0296473644652444													
119	2	10	4		1.5126992069501595													
120	2	8	3		1.344673601812245													
121	1	9	3		1.7698348846282974													
122	5	8	2		2.1924683750002614													
123	9	3	1		None													
124	8	3	1		None													
125	3	3	1		None													
126	15	0	0		None													
127	10	0	0		None													
128	7	0	0		None													
129	10	2	1		None													
130	91	2	1		None													
131	7	7	2		1.6546350846687945													
132	7	7	2		1.6546350846687945													
133	2	8	3		1.344673601812245													
134	10	6	2		1.177704675475867													
135	5	7	3		0.9705915553193526													
136	20	2	3		0.017446791994976618													
137	1	3	4		0.03205247314594661													
138	6	2	3		0.017446791994976618													
139	1	3	4		0.03205247314594661													
140	0	3	4		0.03205247314594661													
141	1	4	4		0.09495399205262268													
142	11	3	4		0.03205247314594661													
143	1	4	5		0.04348616663996785													
144	1	5	5		0.10515968052358998													
145	1	4	5		0.04348616663996785													
146	0	4	5		0.04348616663996785													
147	1	4	5		0.04348616663996785													
148	2	5	5		0.10515968052358998													
149	0	3	5		0.012749994864653742													
150	1	6	5		0.20536933049898512													
151	0	5	4		0.20534257749126258													
152	2	7	4		0.5819085882582254													
153	0	5	4		0.20534257749126258													
154	3	5	4		0.20534257749126258													
155	12	2	3		0.017446791994976618													
156	2	5	4		0.20534257749126258													
157	0	3	4		0.03205247314594661													
158	0	4	4		0.09495399205262268													
159	9	4	4		0.09495399205262268													
160	3	5	5		0.10515968052358998													
161	0	2	4		0.005822290408833396													
162	1	4	4		0.09495399205262268													
163	0	3	4		0.03205247314594661													
164	1	5	4		0.20534257749126258													
165	11	5	4		0.20534257749126258													
166	2	5	4		0.20534257749126258													
167	0	3	3		0.07949514051881029													
168	2	4	3		0.20372622279657981													
169	1	2	2		0.053589641641217135													
170	8	2	2		0.053589641641217135													
171	6	4	3		0.20372622279657981													
172	1	4	4		0.09495399205262268													
173	110	6	4		0.36762000318906984													
174	1	11	5		1.336559614145063													
175	2	10	5		1.0296473644652444													
176	0	8	5		0.5334069350941409													
177	3	10	5		1.0296473644652444													
178	5	9	5		0.7612451339715179													
179	0	8	5		0.5334069350941409													
180	0	8	5		0.5334069350941409													
181	2	9	5		0.7612451339715179													
182	2	9	5		0.7612451339715179													
183	4	7	5		0.3478337849356653													
184	0	3	5		0.012749994864653742													
185	1	3	5		0.012749994864653742													
186	2	2	5		0.001954451778142884													
187	0	0	5		None													
188	0	1	5		None													
189	0	5	5		0.10515968052358998													
190	0	6	5		0.20536933049898512													
191	0	7	5		0.3478337849356653													
192	1	8	5		0.5334069350941409													
193	4	8	5		0.5334069350941409													
194	1	5	5		0.10515968052358998													
195	1	7	5		0.3478337849356653													
196	1	7	5		0.3478337849356653													
197	1	6	5		0.20536933049898512													
198	1	5	5		0.10515968052358998													
199	3	4	5		0.04348616663996785													
200	1	5	5		0.10515968052358998													
201	0	7	5		0.3478337849356653													
202	0	8	5		0.5334069350941409													
203	0	8	5		0.5334069350941409													
204	4	8	5		0.5334069350941409													
205	3	8	5		0.5334069350941409													
206	1	5	5		0.10515968052358998													
207	0	5	5		0.10515968052358998													
208	0	5	5		0.10515968052358998													
209	4	6	5		0.20536933049898512													
210	0	4	5		0.04348616663996785													
211	1	5	5		0.10515968052358998													
212	0	4	5		0.04348616663996785													
213	1	6	5		0.20536933049898512													
214	2	6	5		0.20536933049898512													
215	1	5	5		0.10515968052358998													
216	0	5	5		0.10515968052358998													
217	2	5	5		0.10515968052358998													
218	1	4	5		0.04348616663996785													
219	1	4	5		0.04348616663996785													
220	1	4	5		0.04348616663996785													
221	0	3	5		0.012749994864653742													
222	1	4	5		0.04348616663996785													
223	1	3	5		0.012749994864653742													
224	1	3	5		0.012749994864653742													
225	0	2	5		0.001954451778142884													
226	1	3	5		0.012749994864653742													
227	0	2	5		0.001954451778142884													
228	1	2	5		0.001954451778142884													
229	0	3	5		0.012749994864653742													
230	1	8	5		0.5334069350941409													
231	0	7	5		0.3478337849356653													
232	0	8	5		0.5334069350941409													
233	2	8	5		0.5334069350941409													
234	5	6	5		0.20536933049898512													
235	0	1	5		None													
236	1	1	5		None													
237	0	2	5		0.001954451778142884													
238	0	3	5		0.012749994864653742													
239	0	3	5		0.012749994864653742													
240	0	4	5		0.04348616663996785													
241	2	5	5		0.10515968052358998													
242	1	3	4		0.03205247314594661													
243	0	3	4		0.03205247314594661													
244	1	3	4		0.03205247314594661													
245	1	4	4		0.09495399205262268													
246	14	3	4		0.03205247314594661													
247	1	8	5		0.5334069350941409													
248	0	7	4		0.5819085882582254													
249	2	10	4		1.5126992069501595													
250	0	8	4		0.8461611605353521													
251	5	11	4		1.9088598279248143													
252	8	6	4		0.36762000318906984													
253	3	11	5		1.336559614145063													
254	0	8	5		0.5334069350941409													
255	3	8	5		0.5334069350941409													
256	0	6	5		0.20536933049898512													
257	5	6	5		0.20536933049898512													
258	0	1	5		None													
259	0	1	5		None													
260	1	1	5		None													
261	0	1	5		None													
262	0	1	5		None													
263	0	2	5		0.001954451778142884													
264	0	2	5		0.001954451778142884													
265	1	4	5		0.04348616663996785													
266	0	5	5		0.10515968052358998													
267	1	6	5		0.20536933049898512													
268	0	8	5		0.5334069350941409													
269	2	8	5		0.5334069350941409													
270	2	7	5		0.3478337849356653													
271	1	6	5		0.20536933049898512													
272	3	9	5		0.7612451339715179													
273	0	6	4		0.36762000318906984													
274	1	7	4		0.5819085882582254													
275	1	6	4		0.36762000318906984													
276	4	5	4		0.20534257749126258													
277	7	1	4		None													
278	1	2	5		0.001954451778142884													
279	0	2	5		0.001954451778142884													
280	0	2	5		0.001954451778142884													
281	0	3	5		0.012749994864653742													
282	1	3	5		0.012749994864653742													
283	1	3	5		0.012749994864653742													
284	0	3	5		0.012749994864653742													
285	1	3	5		0.012749994864653742													
286	0	2	5		0.001954451778142884													
287	1	4	5		0.04348616663996785													
288	1	3	5		0.012749994864653742													
289	0	2	5		0.001954451778142884													
290	0	2	5		0.001954451778142884													
291	2	2	5		0.001954451778142884													
292	0	0	5		None													
293	0	0	5		None													
294	0	2	5		0.001954451778142884													
295	0	2	5		0.001954451778142884													
296	0	2	5		0.001954451778142884													
297	0	3	5		0.012749994864653742													
298	2	3	5		0.012749994864653742													
299	0	1	5		None													
300	0	1	5		None													
301	1	1	5		None													
302	0	1	5		None													
303	0	1	5		None													
304	0	4	5		0.04348616663996785													
305	0	4	5		0.04348616663996785													
306	1	6	5		0.20536933049898512													
307	0	6	5		0.20536933049898512													
308	3	6	5		0.20536933049898512													
309	0	4	5		0.04348616663996785													
310	2	6	5		0.20536933049898512													
311	1	4	5		0.04348616663996785													
312	0	4	5		0.04348616663996785													
313	1	5	5		0.10515968052358998													
314	2	4	5		0.04348616663996785													
315	0	2	5		0.001954451778142884													
316	1	6	5		0.20536933049898512													
317	1	6	5		0.20536933049898512													
318	0	7	5		0.3478337849356653													
319	0	7	5		0.3478337849356653													
320	4	8	5		0.5334069350941409													
321	1	7	5		0.3478337849356653													
322	2	7	5		0.3478337849356653													
323	0	5	5		0.10515968052358998													
324	1	5	5		0.10515968052358998													
325	3	4	5		0.04348616663996785													
326	1	1	5		None													
327	0	0	5		None													
328	0	1	5		None													
329	0	2	5		0.001954451778142884													
330	0	4	5		0.04348616663996785													
331	0	6	5		0.20536933049898512													
332	1	6	5		0.20536933049898512													
333	1	5	5		0.10515968052358998													
334	2	5	5		0.10515968052358998													
335	2	3	5		0.012749994864653742													
336	0	2	5		0.001954451778142884													
337	0	7	5		0.3478337849356653													
338	1	8	5		0.5334069350941409													
339	0	9	5		0.7612451339715179													
340	1	9	5		0.7612451339715179													
341	5	10	5		1.0296473644652444													
342	1	6	5		0.20536933049898512													
343	2	6	5		0.20536933049898512													
344	0	5	5		0.10515968052358998													
345	2	5	5		0.10515968052358998													
346	1	3	5		0.012749994864653742													
347	1	2	5		0.001954451778142884													
348	1	1	5		None													
349	0	0	5		None													
350	0	1	5		None													
351	0	1	5		None													
352	0	1	5		None													
353	0	2	5		0.001954451778142884													
354	1	2	5		0.001954451778142884													
355	0	1	5		None													
356	0	1	5		None													
357	1	1	5		None													
358	0	0	5		None													
359	0	1	5		None													
360	0	1	5		None													
361	0	1	5		None													
362	0	3	5		0.012749994864653742													
363	1	3	5		0.012749994864653742													
364	0	2	5		0.001954451778142884													
365	0	3	5		0.012749994864653742													
366	2	3	5		0.012749994864653742													
367	0	2	5		0.001954451778142884													
368	0	2	5		0.001954451778142884													
369	1	2	5		0.001954451778142884													
370	0	1	5		None													
371	1	1	5		None													
372	0	0	5		None													
373	0	0	5		None													
374	0	0	5		None													
375	0	0	5		None													
376	0	0	5		None													
377	0	0	5		None													
378	0	1	5		None													
379	0	1	5		None													
380	0	1	5		None													
381	0	1	5		None													
382	1	1	5		None													
383	0	0	5		None													
384	0	0	5		None													
385	0	0	5		None													
386	0	0	5		None													
387	0	0	5		None													
388	0	1	5		None													
389	0	1	5		None													
390	0	1	5		None													
391	0	2	5		0.001954451778142884													
392	1	2	5		0.001954451778142884													
393	0	1	5		None													
394	0	1	5		None													
395	1	1	5		None													
396	0	0	5		None													
397	0	0	5		None													
398	0	0	5		None													
399	0	0	5		None													
400	0	4	5		0.04348616663996785													
401	0	4	4		0.09495399205262268													
402	0	4	3		0.20372622279657981													
403	0	4	2		0.43973798203812836													
404	4	4	1		None													
